{"ElectricStorage":{"soc_series_fraction":[0.2,0.239675,0.267316,0.307857,0.335496,0.372508,0.397721,0.431289,0.454146,0.48457,0.505281,0.505355,0.505355,0.505355,0.505355,0.505355,0.505355,0.505355,0.505355,0.503043,0.493057,0.519637,0.538092,0.563642,0.580443,0.603666,0.61893,0.640019,0.653883,0.673038,0.685627,0.685671,0.685671,0.685671,0.685671,0.685671,0.685671,0.685671,0.685671,0.681969,0.666102,0.683171,0.695311,0.712177,0.723248,0.738576,0.74863,0.762554,0.771689,0.784333,0.79263,0.792659,0.792659,0.792659,0.792659,0.792659,0.792659,0.792659,0.792659,0.78633,0.768778,0.78029,0.788695,0.800464,0.808444,0.819139,0.826381,0.83608,0.842643,0.851379,0.857088,0.857108,0.857108,0.857108,0.857108,0.857108,0.857108,0.857108,0.857108,0.849546,0.830631,0.838778,0.844918,0.853518,0.859141,0.866952,0.872058,0.879155,0.883793,0.890238,0.89445,0.894465,0.894465,0.894465,0.894465,0.894465,0.894465,0.894465,0.894465,0.885208,0.866475,0.872729,0.877563,0.884358,0.88879,0.894964,0.89899,0.904597,0.908254,0.913347,0.916666,0.916678,0.916678,0.916678,0.916678,0.916678,0.916678,0.916678,0.916678,0.907307],"storage_to_load_series_kw":[0.0,0.0,0.0,0.0,0.0,0.0,0.0,0.0,0.0,0.0,0.0,4.768895500717463e-9,0.0,4.737572556479108e-9,0.0,4.737558345624393e-9,2.2316575254421878e-9,4.737558345624393e-9,2.0046249105121206e-9,180.9080047607422,180.9080047607422,0.0,0.0,0.0,0.0,0.0,0.0,0.0,0.0,0.0,0.0,4.6708388268257295e-9,0.0,4.67083838273652e-9,0.0,4.6708388268257295e-9,4.392994856772248e-9,4.62768445785855e-9,0.0,287.73699951171875,258.4433288574219,0.0,0.0,0.0,0.0,0.0,0.0,0.0,0.0,0.0,0.0,4.535372521985437e-9,0.0,4.535349429346525e-9,0.0,4.5353703015393876e-9,0.0,4.464482561417071e-9,0.0,318.72698974609375,318.72698974609375,0.0,0.0,0.0,0.0,0.0,0.0,0.0,0.0,0.0,0.0,4.42876801898251e-9,2.141320676329883e-9,4.391563113159691e-9,0.0,4.391581320817295e-9,5.0960302644398325e-9,4.391598640296479e-9,0.0,343.8939971923828,317.7999267578125,0.0,0.0,0.0,0.0,0.0,0.0,0.0,0.0,0.0,0.0,4.312290524666196e-9,4.931205221936352e-9,4.312287416041727e-9,0.0,4.312313617305108e-9,0.0,4.282787902099017e-9,3.855977481759254e-10,340.99200439453125,263.18115234375,0.0,0.0,0.0,0.0,0.0,0.0,0.0,0.0,0.0,0.0,4.219955496154171e-9,4.722984225935534e-9,4.219947946637603e-9,0.0,4.219952387529702e-9,1.1083592932337183e-9,4.186484936496981e-9,4.065061569213867,355.5679931640625]},"ElectricUtility":{"electric_to_storage_series_kw":[0.0015550078824162483,500.0,500.0,500.0,497.4299621582031,456.3550109863281,456.3550109863281,413.7279510498047,411.4457702636719,374.97100830078125,374.97100830078125,0.0,0.0,0.0,0.0,0.0,0.0,0.0,0.0,0.0,0.0,334.2449951171875,334.2449951171875,304.5519561767578,304.5519561767578,276.6289825439453,275.6968078613281,251.2529754638672,251.2529754638672,228.20697021484375,213.5171356201172,0.0,0.0,0.0,2.639779062008074e-9,0.0,0.0,0.0,0.0,0.0,0.0,220.14996337890625,220.14996337890625,200.89300537109375,200.23814392089844,182.4720001220703,182.4720001220703,165.73699951171875,165.73699951171875,150.53399658203125,150.53399658203125,0.0,0.0,0.0,0.0,0.0,0.0,0.0,4.086240235068317e-9,0.0,0.0,152.4530029296875,149.9552001953125,144.8619842529297,142.21218872070312,131.56100463867188,130.8113555908203,119.24800109863281,118.5902099609375,103.75099182128906,103.75099182128906,0.0,0.0,0.0,0.0,0.0,0.0,0.0,4.108748008491148e-9,0.0,0.0,111.6709976196289,111.35464477539062,102.2509994506836,101.13131713867188,92.87300109863281,92.87300109863281,84.35700225830078,84.08145141601562,76.6199951171875,76.6199951171875,0.0,0.0,0.0,1.889283840483813e-9,0.0,1.7047835365602282e-10,0.0,0.0,0.0,0.0,88.03800201416016,88.03800201416016,80.72698974609375,80.46318054199219,73.32499694824219,73.08522033691406,66.5999984741211,66.5999984741211,60.492000579833984,56.929718017578125,0.0,0.0,0.0,0.0,0.0,0.0,0.0,0.0,0.0],"electric_to_load_series_kw":[0.003110018093138933,307.9859924316406,307.9859924316406,290.6510009765625,290.8835144042969,294.5989990234375,294.5989990234375,298.29200744628906,298.00531005859375,293.4230041503906,293.4230041503906,362.0939941358561,362.093994140625,340.69900512221557,331.5339050292969,293.8599853515625,293.8599853515625,294.5440063429187,294.701324460886,114.83599853515625,114.83599853515625,302.41099548339844,302.41099548339844,303.3979949951172,303.3979949951172,337.61900329589844,336.1501007080078,303.6699981689453,303.6699981689453,299.6300048828125,299.5259552001953,296.71697998046875,296.64935302734375,294.6770019484542,294.68309020996094,294.93099975118855,294.9309997514664,290.2019958449817,290.2019958496094,31.656997680664062,62.75262451171875,335.21099853515625,335.21099853515625,293.3800048828125,296.5626525878906,290.781005859375,290.781005859375,291.1759948730469,291.1759948730469,331.39500427246094,331.39500427246094,363.37100219273026,363.3710021972656,285.4239807128906,286.5318298339844,353.8459777832031,353.8459777832031,400.7770004227816,400.7770004272461,1.5244708265527152e-5,1.52587890625e-5,330.51300048828125,337.64064025878906,352.1750030517578,342.72491455078125,304.73899841308594,304.11122131347656,294.427001953125,294.1173095703125,285.55299377441406,285.55299377441406,278.4360046342431,279.5293273925781,295.9029846191406,295.9029846191406,363.6609802246094,383.95507049050946,425.33799743213183,425.33799743652344,0.0,22.83843994140625,284.7120056152344,284.6398010253906,299.7929992675781,324.1385803222656,357.18699645996094,357.18699645996094,338.8459930419922,336.0434265136719,295.76800537109375,295.76800537109375,321.6210021929533,321.6210021923344,313.0010070757658,324.8636932373047,406.1679992632658,405.4608612060547,318.5279846191406,318.5279846191406,0.0,68.63006591796875,294.9510040283203,294.9510040283203,325.9219970703125,323.73399353027344,280.1649932861328,283.9521026611328,395.96299743652344,395.96299743652344,345.5950012207031,348.0440979003906,398.32099914128787,398.22601317887074,369.08700561101443,369.0870056152344,387.63400268132693,386.3886413574219,372.4809875488281,368.8894901275635,0.0]},"ElectricLoad":{"load_series_kw":[500,500,500,500,500,500,500,500,500,500,500,500,500,500,500,500,500,500,500,500,500,500,500,500,500,500,500,500,500,500,500,500,500,500,500,500,500,500,500,500,500,500,500,500,500,500,500,500,500,500,500,500,500,500,500,500,500,500,500,500,500,500,500,500,500,500,500,500,500,500,500,500,500,500,500,500,500,500,500,500,500,500,500,500,500,500,500,500,500,500,500,500,500,500,500,500,500,500,500,500,500,500,500,500,500,500,500,500,500,500,500,500,500,500,500,500,500,500,500,500]},"PV":{"electric_to_grid_series_kw":[0,0,0,0,0,0,0,0,0,0,0,0,0,0,0,0,0,0,0,0,0,0,0,0,0,0,0,0,0,0,0,0,0,0,0,0,0,0,0,0,0,0,0,0,0,0,0,0,0,0,0,0,0,0,0,0,0,0,0,0,0,0,0,0,0,0,0,0,0,0,0,0,0,0,0,0,0,0,0,0,0,0,0,0,0,0,0,0,0,0,0,0,0,0,0,0,0,0,0,0,0,0,0,0,0,0,0,0,0,0,0,0,0,0,0,0,0,0,0,0],"electric_to_storage_series_kw":[0.0,0.0,0.0,0.0,0.0,0.0,0.0,0.0,0.0,0.0,0.0,0.0,0.0,0.0,0.0,0.0,0.0,0.0,0.0,0.0,0.0,0.0,0.0,0.0,0.0,0.0,0.0,0.0,0.0,0.0,0.0,0.0,0.0,0.0,0.0,0.0,0.0,0.0,0.0,0.0,0.0,0.0,0.0,0.0,0.0,0.0,0.0,0.0,0.0,0.0,0.0,0.0,0.0,0.0,0.0,0.0,0.0,0.0,0.0,0.0,0.0,0.0,0.0,0.0,0.0,0.0,0.0,0.0,0.0,0.0,0.0,0.0,0.0,0.0,0.0,0.0,0.0,0.0,0.0,0.0,0.0,0.0,0.0,0.0,0.0,0.0,0.0,0.0,0.0,0.0,0.0,0.0,0.0,0.0,0.0,0.0,0.0,0.0,0.0,0.0,0.0,0.0,0.0,0.0,0.0,0.0,0.0,0.0,0.0,0.0,0.0,0.0,0.0,0.0,0.0,0.0,0.0,0.0,0.0,0.0],"electric_curtailed_series_kw":[0.0,0.0,0.0,0.0,0.0,0.0,0.0,0.0,0.0,0.0,0.0,0.0,0.0,0.0,0.0,0.0,0.0,0.0,0.0,0.0,0.0,0.0,0.0,0.0,0.0,0.0,0.0,0.0,0.0,0.0,0.0,0.0,0.0,0.0,0.0,0.0,0.0,0.0,0.0,0.0,0.0,0.0,0.0,0.0,0.0,0.0,0.0,0.0,0.0,0.0,0.0,0.0,0.0,0.0,0.0,0.0,0.0,0.0,0.0,0.0,0.0,0.0,0.0,0.0,0.0,0.0,0.0,0.0,0.0,0.0,0.0,0.0,0.0,0.0,0.0,0.0,0.0,0.0,0.0,0.0,0.0,0.0,0.0,0.0,0.0,0.0,0.0,0.0,0.0,0.0,0.0,0.0,0.0,0.0,0.0,0.0,0.0,0.0,0.0,0.0,0.0,0.0,0.0,0.0,0.0,0.0,0.0,0.0,0.0,0.0,0.0,0.0,0.0,0.0,0.0,0.0,0.0,0.0,0.0,0.0],