{"ElectricStorage":{"soc_series_fraction":[0.193488,0.226471,0.26167,0.294666,0.32833,0.311834,0.294239,0.277743,0.261165,0.277651,0.295256,0.311742,0.327823,0.294863,0.259642,0.226675,0.226543,0.226463],"storage_to_load_series_kw":[0.0,0.0,0.0,0.0,249.9857940673828,250.0,250.0,250.0,0.0,0.0,0.0,0.0,499.98590087890625,500.0,499.99999999532923,500.0,500.0,500.0]},"ElectricUtility":{"electric_to_storage_series_kw":[500.0,500.0,500.0,499.999999996645,0.0,0.0,0.0,0.0,249.99073791503906,249.99999999759154,250.0,249.99999999759154,0.0,0.0,0.0,0.0,0.0,0.0],"electric_to_load_series_kw":[499.9999999952622,499.99999999517934,499.9999999952949,500.000000003355,250.0142059279271,249.9999999998924,249.99999999529513,249.9999999998924,499.99999999531934,500.00000000240846,499.999999995329,500.00000000240846,0.014099116437705561,4.107278073206544e-9,0.0,3.4862637221522164e-9,3.166860551573336e-9,4.3534669202927034e-9]},"ElectricLoad":{"load_series_kw":[500,500,500,500,500,500,500,500,500,500,500,500,500,500,500,500,500,500]},"PV":{"electric_to_grid_series_kw":[0.0,0.0,0.0,0.0,0.0,0.0,0.0,0.0,0.0,0.0,0.0,0.0,0.0,0.0,0.0,0.0,0.0,0.0],"electric_to_storage_series_kw":[0.0,0.0,0.0,0.0,0.0,0.0,0.0,0.0,0.0,0.0,0.0,0.0,0.0,0.0,0.0,0.0,0.0,0.0],"electric_curtailed_series_kw":[0,0,0,0,0,0,0,0,0,0,0,0,0,0,0,0,0,0],"electric_to_load_series_kw":[4.73777417298038e-9,4.820662535820475e-9,4.705111855685118e-9,-3.3550120459580057e-9,4.690095867232458e-9,1.0760816543387008e-10,4.704885370188094e-9,1.0760816543387008e-10,4.68064209613317e-9,-2.408448329660473e-9,4.670974718123944e-9,-2.408448329660473e-9,4.656051544316142e-9,-4.107253204210792e-9,4.67074956489455e-9,-3.4862401854240943e-9,-3.1668512256999293e-9,-4.3534487126350996e-9]}}