{"ElectricStorage":{"soc_series_fraction":[0.51901,0.558892,0.587113,0.627074,0.655288,0.63545,0.621351,0.601359,0.58726,0.607155,0.621259,0.641246,0.655345,0.615507,0.587293,0.547325],"storage_to_load_series_kw":[0.0,0.0,0.0,0.0,0.0,250.0,250.0,250.0,215.9637451171875,0.0,0.0,0.0,0.0,499.9999999956878,499.9999999966511,499.9999999957173]},"ElectricUtility":{"electric_to_storage_series_kw":[500.0,500.0,499.99999999950046,500.0,455.8368225087351,0.0,0.0,0.0,0.0,250.0,250.0,250.0,205.83541869933708,0.0,0.0,0.0],"electric_to_load_series_kw":[499.9999999990981,499.99999999564704,500.00000000049954,499.9999999956875,500.0014343272024,249.99999999568774,249.99999999741777,249.99999999568774,284.0351867675781,499.9999999956876,499.9999999971638,499.9999999956876,500.00143432800667,0.0,0.0,0.0]},"ElectricLoad":{"load_series_kw":[500,500,500,500,500,500,500,500,500,500,500,500,500,500,500,500]},"PV":{"electric_to_grid_series_kw":[0.0,0.0,0.0,0.0,0.0,0.0,0.0,0.0,0.0,0.0,0.0,0.0,0.0,0.0,0.0,0.0],"electric_to_storage_series_kw":[0.0,0.0,0.0,0.0,0.0,0.0,0.0,0.0,0.0,0.0,0.0,0.0,0.0,0.0,0.0,0.0],"electric_curtailed_series_kw":[0,0,0,0,0,0,0,0,0,0,0,0,0,0,0,0],"electric_to_load_series_kw":[9.018980562380818e-10,4.352952664987697e-9,-4.995145408415169e-10,4.312479706669592e-9,-1.0304902486879541e-9,4.3122705406517525e-9,2.582204006174038e-9,4.3122705406517525e-9,3.231315881535579e-9,4.312409540574436e-9,2.836229251457212e-9,4.312409540574436e-9,-1.8348044195093394e-9,4.312202150913436e-9,3.3488551931526445e-9,4.282700416524676e-9]}}