{"ElectricStorage":{"soc_series_fraction":[0.250547,0.250547,0.274225,0.289789,0.301316,0.30298,0.326923,0.342476,0.351244,0.351244,0.348821,0.341046,0.328366,0.320589,0.307911,0.300137,0.287457,0.279686,0.267002,0.259233,0.246548,0.238777,0.264056,0.279599,0.304965,0.320497,0.338349,0.349265,0.349306,0.349306,0.349367,0.341602,0.328912,0.321151,0.308458,0.300694,0.288003,0.280243,0.267549,0.259788,0.24953,0.24953,0.274567,0.290087,0.301088,0.302455,0.326734,0.342252,0.351322,0.351509,0.349069,0.341313,0.328614,0.32086,0.30816,0.300405,0.287705,0.279954,0.267251,0.259498,0.249244,0.249244,0.274591,0.290086,0.301058,0.302424,0.326764,0.342255,0.351288,0.351471,0.349018,0.341272,0.328563,0.32082,0.308108,0.300364,0.287654,0.27991,0.267199,0.259458,0.249203,0.249203,0.274572,0.290047,0.30314,0.311087,0.33278,0.348254,0.34944,0.34944,0.349298,0.341563,0.328844,0.321112,0.308389,0.300657,0.287935,0.280205,0.26748,0.259749,0.249495,0.249495,0.274639,0.290095,0.301008,0.302362,0.326807,0.342256,0.351235,0.351417,0.348945,0.34122,0.328491,0.320768,0.308036,0.300316,0.287581,0.279862,0.267127,0.259408],"storage_to_load_series_kw":[4.46445636015369e-9,0.0,0.0,0.0,0.0,0.0,0.0,0.0,4.428772459874608e-9,1.1300538282910111e-10,150.0,150.0,150.0,150.0,150.0,150.0,150.0,150.0,150.0,150.0,150.0,150.0,0.0,0.0,0.0,0.0,0.0,0.0,4.3122851955956776e-9,4.415160237414284e-9,150.0,150.0,150.0,150.0,150.0,150.0,150.0,150.0,150.0,150.0,4.282796783883214e-9,0.0,0.0,0.0,0.0,0.0,0.0,0.0,0.0,0.0,150.0,149.99998474121094,150.0,150.0,150.0,149.99996948242188,150.0,149.99998474121094,150.0,150.0,4.186480939694093e-9,0.0,0.0,0.0,0.0,0.0,0.0,0.0,0.0,0.0,150.0,150.0,150.0,150.0,150.0,149.99996948242188,150.0,150.0,150.0,150.0,4.053668511971864e-9,0.0,0.0,0.0,0.0,0.0,0.0,0.0,4.001565301336996e-9,0.0,150.0,150.0,150.0,150.0,150.0,149.99996948242188,150.0,150.00003051757812,150.0,150.0,3.966511119557481e-9,3.605842291420913e-10,0.0,0.0,0.0,0.0,0.0,0.0,0.0,0.0,150.0,149.99998474121094,150.0,150.00001525878906,150.0,149.99998474121094,150.0,150.0,150.0,150.00001525878906]},"ElectricUtility":{"electric_to_storage_series_kw":[0.0,0.0,300.0,300.0,32.084991455078125,46.69213104248047,299.99998474121094,299.99998474121094,0.0,0.0,0.0,0.0,0.0,0.0,0.0,0.0,0.0,0.0,0.0,0.0,0.0,0.0,299.9999542236328,299.9999542236328,300.0,300.0,210.8350067138672,198.4195556640625,0.0,0.0,0.0,0.0,0.0,0.0,0.0,0.0,0.0,0.0,0.0,0.0,0.0,0.0,299.99998474121094,299.99998474121094,26.424999237060547,26.424999237060547,300.0,290.0686340332031,3.61299991607666,3.61299991607666,0.0,0.0,0.0,0.0,0.0,0.0,0.0,0.0,0.0,0.0,0.0,17.666494369506836,299.99998474121094,291.3868713378906,26.438995361328125,42.182701110839844,300.0,300.0,3.549999952316284,3.549999952316284,0.0,0.0,0.0,0.0,0.0,0.0,0.0,0.0,0.0,0.0,0.0,17.66656494140625,300.0,300.0,154.10299682617188,154.10299682617188,299.99998474121094,299.99998474121094,0.0,2.0044403076171875,0.0,0.0,0.0,0.0,0.0,0.0,0.0,0.0,0.0,0.0,0.0,0.0,300.0,300.0,26.276992797851562,41.57037353515625,300.0,300.0,3.5230000019073486,3.315537214279175,0.0,0.0,0.0,0.0,0.0,0.0,0.0,0.0,0.0,0.0],"electric_to_load_series_kw":[307.9855956986605,307.985595703125,290.6505126953125,290.6505126953125,294.5989685058594,293.93878173828125,298.29225158691406,298.29225158691406,293.4226074174462,294.12567138660575,212.0938720703125,212.0938720703125,190.6988525390625,190.0928192138672,143.86012268066406,143.7514190673828,142.01425170898438,142.01425170898438,144.5443115234375,144.61495971679688,145.7440185546875,145.7440185546875,302.41087341308594,302.41087341308594,303.39825439453125,303.39825439453125,337.61895751953125,335.6201171875,303.66986083553144,303.6698608354286,148.00852966308594,147.9324493408203,146.71656799316406,146.71656799316406,144.7765350341797,144.7765350341797,142.53982543945312,142.40216064453125,138.520751953125,138.520751953125,350.00363158751406,350.0036315917969,315.77235412597656,315.77235412597656,347.42738342285156,347.42738342285156,282.98179626464844,283.4644775390625,305.1038513183594,305.1038513183594,199.31468200683594,200.14244079589844,145.3942413330078,145.3942413330078,154.23695373535156,157.34228515625,246.4324493408203,246.71212768554688,232.03164672851562,232.03164672851562,357.54536437569635,355.95306396484375,352.1754913330078,349.7363586425781,304.73895263671875,304.2467803955078,294.4274139404297,294.4274139404297,289.1665496826172,289.1665496826172,132.7751922607422,132.51963806152344,145.90304565429688,145.90304565429688,213.66061401367188,216.39952087402344,275.3377456665039,275.3377456665039,254.0023651123047,254.0023651123047,288.6190185506338,288.38861083984375,283.48577880859375,283.48577880859375,299.79327392578125,299.79327392578125,361.83094787597656,361.83094787597656,291.2533264120141,291.51918029785156,212.0887451171875,212.0887451171875,163.00094604492188,163.00094604492188,224.7508544921875,226.60096740722656,244.15994262695312,239.70611572265625,160.32525634765625,160.32525634765625,291.83514404296875,291.83514404296875,344.54400634765625,344.54400634765625,288.7655487060547,288.25880432128906,344.4762420654297,344.4762420654297,383.2711181640625,381.05250549316406,237.18270874023438,237.83859252929688,246.708251953125,245.08168029785156,215.78565979003906,217.072265625,237.63389587402344,237.63389587402344,230.52127075195312,229.05181884765625]},"ElectricLoad":{"load_series_kw":[500,500,500,500,500,500,500,500,500,500,500,500,500,500,500,500,500,500,500,500,500,500,500,500,500,500,500,500,500,500,500,500,500,500,500,500,500,500,500,500,500,500,500,500,500,500,500,500,500,500,500,500,500,500,500,500,500,500,500,500,500,500,500,500,500,500,500,500,500,500,500,500,500,500,500,500,500,500,500,500,500,500,500,500,500,500,500,500,500,500,500,500,500,500,500,500,500,500,500,500,500,500,500,500,500,500,500,500,500,500,500,500,500,500,500,500,500,500,500,500]},"PV":{"electric_to_grid_series_kw":[0.0,0.0,0.0,0.0,0.0,0.0,0.0,0.0,0.0,0.0,0.0,0.0,0.0,0.0,0.0,0.0,0.0,0.0,0.0,0.0,0.0,0.0,0.0,0.0,0.0,0.0,0.0,0.0,0.0,0.0,0.0,0.0,0.0,0.0,0.0,0.0,0.0,0.0,0.0,0.0,0.0,0.0,0.0,0.0,0.0,0.0,0.0,0.0,0.0,0.0,0.0,0.0,0.0,0.0,0.0,0.0,0.0,0.0,0.0,0.0,0.0,0.0,0.0,0.0,0.0,0.0,0.0,0.0,0.0,0.0,0.0,0.0,0.0,0.0,0.0,0.0,0.0,0.0,0.0,0.0,0.0,0.0,0.0,0.0,0.0,0.0,0.0,0.0,0.0,0.0,0.0,0.0,0.0,0.0,0.0,0.0,0.0,0.0,0.0,0.0,0.0,0.0,0.0,0.0,0.0,0.0,0.0,0.0,0.0,0.0,0.0,0.0,0.0,0.0,0.0,0.0,0.0,0.0,0.0,0.0],"electric_to_storage_series_kw":[0.0,0.0,0.0,0.0,0.0,0.0,0.0,0.0,0.0,0.0,0.0,0.0,0.0,0.0,0.0,0.0,0.0,0.0,0.0,0.0,0.0,0.0,0.0,0.0,0.0,0.0,0.0,0.0,0.0,0.0,0.0,0.0,0.0,0.0,0.0,0.0,0.0,0.0,0.0,0.0,0.0,0.0,0.0,0.0,0.0,0.0,0.0,0.0,0.0,0.0,0.0,0.0,0.0,0.0,0.0,0.0,0.0,0.0,0.0,0.0,0.0,0.0,0.0,0.0,0.0,0.0,0.0,0.0,0.0,0.0,0.0,0.0,0.0,0.0,0.0,0.0,0.0,0.0,0.0,0.0,0.0,0.0,0.0,0.0,0.0,0.0,0.0,0.0,0.0,0.0,0.0,0.0,0.0,0.0,0.0,0.0,0.0,0.0,0.0,0.0,0.0,0.0,0.0,0.0,0.0,0.0,0.0,0.0,0.0,0.0,0.0,0.0,0.0,0.0,0.0,0.0,0.0,0.0,0.0,0.0],"electric_curtailed_series_kw":[0,0,0,0,0,0,0,0,0,0,0,0,0,0,0,0,0,0,0,0,0,0,0,0,0,0,0,0,0,0,0,0,0,0,0,0,0,0,0,0,0,0,0,0,0,0,0,0,0,0,0,0,0,0,0,0,0,0,0,0,0,0,0,0,0,0,0,0,0,0,0,0,0,0,0,0,0,0,0,0,0,0,0,0,0,0,0,0,0,0,0,0,0,0,0,0,0,0,0,0,0,0,0,0,0,0,0,0,0,0,0,0,0,0,0,0,0,0,0,0],