{"ElectricStorage":{"soc_series_fraction":[0.367229,0.367229,0.367229,0.367229,0.367229,0.367229,0.367229,0.367229,0.367229,0.367229,0.367229,0.367229,0.356777,0.350889,0.340414,0.334527,0.32405,0.318164,0.307686,0.301803,0.293596,0.293596,0.293596,0.293596,0.293596,0.293596,0.308633,0.333138,0.341418,0.341418,0.339137,0.333256,0.322773,0.316895,0.306409,0.300532,0.290046,0.284169,0.273682,0.267805,0.259601,0.259601,0.259601,0.259601,0.259601,0.259601,0.303211,0.327681,0.341579,0.341579,0.33929,0.333421,0.322927,0.317058,0.306563,0.300695,0.290199,0.284333,0.273836,0.26797,0.259764,0.259764,0.259764,0.259764,0.259764,0.259764,0.303413,0.327845,0.341534,0.341534,0.339239,0.333379,0.322876,0.317015,0.306512,0.30065,0.290148,0.284289,0.273785,0.267923,0.259723,0.259723,0.259723,0.259723,0.259723,0.259723,0.303405,0.327801,0.3415,0.3415,0.339198,0.333342,0.322834,0.31698,0.30647,0.300617,0.290107,0.284253,0.273743,0.267891,0.257379,0.251529,0.251506,0.251506,0.261128,0.285498,0.32931,0.353683,0.35378,0.35378,0.351469,0.345624,0.335105,0.329258,0.318741,0.312899,0.302378,0.296534,0.286014,0.280172],"storage_to_load_series_kw":[4.582679569153925e-9,0.0,4.535352093881784e-9,0.0,4.535353426149413e-9,0.0,4.535354314327833e-9,4.046347701347486e-9,4.464451919261592e-9,3.3287479439536583e-9,4.4644554719752705e-9,0.0,120.0,120.0,120.0,120.0,120.0,120.0,120.0,120.0,4.428775568499077e-9,0.0,4.428776012588287e-9,2.4447741608923934e-9,4.4287773448559165e-9,2.57494181532536e-9,0.0,0.0,4.391564445427321e-9,0.0,120.0,120.0,120.0,120.0,120.0,120.0,120.0,120.0,120.0,119.99998474121094,4.312298518271973e-9,2.642791763207697e-9,4.312288748309356e-9,0.0,4.312298962361183e-9,0.0,0.0,0.0,4.312286083774097e-9,0.0,120.0,120.0,120.0,120.00000762939453,120.0,119.9999771118164,120.0,120.0,120.0,120.0,4.252032059781641e-9,7.25712989702032e-10,4.219943949834715e-9,0.0,4.219930183069209e-9,0.0,0.0,0.0,4.186462287947279e-9,3.31784333340579e-9,120.0,120.0,120.0,120.0,120.0,120.0,120.0,120.00001525878906,120.0,120.00007629394531,4.144066867439733e-9,4.7764663335669866e-9,4.144065535172103e-9,0.0,4.144102394576521e-9,0.0,0.0,0.0,4.099852013439431e-9,4.127751029869842e-9,120.0,120.0000228881836,120.0,120.0,120.0,120.0,120.0,120.0,120.0,120.0,120.0,112.93330383300781,4.001579068102501e-9,5.009400894095961e-9,0.0,0.0,0.0,0.0,3.966535100374813e-9,3.9142036278860814e-9,120.0,120.0,120.0,120.0,120.0,119.99999237060547,120.0,120.0,120.0,120.0]},"ElectricUtility":{"electric_to_storage_series_kw":[0.0,0.0,0.0,0.0,0.0,0.0,0.0,0.0,0.0,0.0,0.0,0.0,0.0,0.0,0.0,0.0,0.0,0.0,0.0,0.0,0.0,0.0,0.0,0.0,0.0,0.0,499.9999694824219,499.9999694824219,0.0,1.1842662406280624e-9,0.0,0.0,0.0,0.0,0.0,0.0,0.0,0.0,0.0,0.0,0.0,0.0,0.0,4.7602388697498554e-9,0.0,4.26088986316131e-9,500.0,482.4761657714844,0.0,0.0,0.0,0.0,0.0,0.0,0.0,0.0,0.0,0.0,0.0,0.0,0.0,0.0,0.0,0.0,0.0,30.441253662109375,499.9999542236328,499.9999542236328,0.0,0.0,0.0,0.0,0.0,0.0,0.0,0.0,0.0,0.0,0.0,0.0,0.0,0.0,0.0,0.0,0.0,30.44103240966797,499.99998474121094,499.99998474121094,0.0,0.0,0.0,0.0,0.0,0.0,0.0,0.0,0.0,0.0,0.0,0.0,0.0,0.0,0.0,0.0,500.0,500.0,499.9999542236328,499.9999542236328,0.0,0.0,0.0,0.0,0.0,0.0,0.0,0.0,0.0,0.0,0.0,0.0],"electric_to_load_series_kw":[307.98559569854234,309.9488525390625,290.65051269077713,291.7522277832031,294.598968501324,294.5989685058594,298.292236328125,299.7557220418521,293.4226074174106,293.42260741854625,305.361938472098,305.3619384765625,220.6988525390625,220.6988525390625,173.86012268066406,173.86012268066406,189.7687530517578,189.7687530517578,177.1278839111328,177.1278839111328,301.18572997603997,301.18572998046875,305.32489013228997,305.32489013427397,311.6922302246094,311.6922302246094,313.4905700683594,313.4905700683594,301.66499328174126,301.6649932861328,178.00852966308594,178.00852966308594,175.6060333251953,175.55133056640625,174.7765350341797,174.78564453125,172.53982543945312,172.53982543945312,168.520751953125,170.3387908935547,350.00363158748456,349.1324920627869,315.77235412166425,315.77235412597656,347.42738341853925,347.42738342285156,282.98179626464844,283.4646301269531,305.10385131404706,305.1038513183594,229.31468200683594,230.14242553710938,175.3942413330078,174.80707550048828,184.23695373535156,187.15835571289062,276.43245697021484,276.43245697021484,262.0316467285156,262.0316467285156,357.54536437563075,352.2077484123602,352.17549132878787,349.736083984375,304.7389526324988,304.24652099609375,294.4274139404297,294.4274139404297,289.1665344238281,288.95373534824466,162.7751922607422,162.7751922607422,175.90304565429688,175.90304565429688,243.66061401367188,243.66061401367188,305.3377456665039,303.36891174316406,284.0023498535156,272.24071502685547,288.61901855054344,288.3889465284267,283.4857788044497,283.48577880859375,423.0935516315981,419.08032989501953,361.83094787597656,361.83094787597656,291.2533264119158,291.2533264118879,242.0887451171875,239.6249771118164,193.00094604492188,193.00094604492188,254.7508544921875,254.7508544921875,286.1679992675781,286.1679992675781,198.52780151367188,198.52780151367188,220.9922332763672,225.3475341796875,344.54400634365464,344.54400634264687,288.7655487060547,288.7655487060547,344.4762420654297,344.4762420654297,383.27111816009597,383.2711181601483,267.1827087402344,267.8385772705078,276.708251953125,276.708251953125,245.78565979003906,247.07225036621094,261.21065521240234,261.21065521240234,260.52127838134766,260.52127838134766]},"ElectricLoad":{"load_series_kw":[500,500,500,500,500,500,500,500,500,500,500,500,500,500,500,500,500,500,500,500,500,500,500,500,500,500,500,500,500,500,500,500,500,500,500,500,500,500,500,500,500,500,500,500,500,500,500,500,500,500,500,500,500,500,500,500,500,500,500,500,500,500,500,500,500,500,500,500,500,500,500,500,500,500,500,500,500,500,500,500,500,500,500,500,500,500,500,500,500,500,500,500,500,500,500,500,500,500,500,500,500,500,500,500,500,500,500,500,500,500,500,500,500,500,500,500,500,500,500,500]},"PV":{"electric_to_grid_series_kw":[0.0,0.0,0.0,0.0,0.0,0.0,0.0,0.0,0.0,0.0,0.0,0.0,0.0,0.0,0.0,0.0,0.0,0.0,0.0,0.0,0.0,0.0,0.0,0.0,0.0,0.0,0.0,0.0,0.0,0.0,0.0,0.0,0.0,0.0,0.0,0.0,0.0,0.0,0.0,0.0,0.0,0.0,0.0,0.0,0.0,0.0,0.0,0.0,0.0,0.0,0.0,0.0,0.0,0.0,0.0,0.0,0.0,0.0,0.0,0.0,0.0,0.0,0.0,0.0,0.0,0.0,0.0,0.0,0.0,0.0,0.0,0.0,0.0,0.0,0.0,0.0,0.0,0.0,0.0,0.0,0.0,0.0,0.0,0.0,0.0,0.0,0.0,0.0,0.0,0.0,0.0,0.0,0.0,0.0,0.0,0.0,0.0,0.0,0.0,0.0,0.0,0.0,0.0,0.0,0.0,0.0,0.0,0.0,0.0,0.0,0.0,0.0,0.0,0.0,0.0,0.0,0.0,0.0,0.0,0.0],"electric_to_storage_series_kw":[0.0,0.0,0.0,0.0,0.0,0.0,0.0,0.0,0.0,0.0,0.0,0.0,0.0,0.0,0.0,0.0,0.0,0.0,0.0,0.0,0.0,0.0,0.0,0.0,0.0,0.0,0.0,0.0,0.0,0.0,0.0,0.0,0.0,0.0,0.0,0.0,0.0,0.0,0.0,0.0,0.0,0.0,0.0,0.0,0.0,0.0,0.0,0.0,0.0,0.0,0.0,0.0,0.0,0.0,0.0,0.0,0.0,0.0,0.0,0.0,0.0,0.0,0.0,0.0,0.0,0.0,0.0,0.0,0.0,0.0,0.0,0.0,0.0,0.0,0.0,0.0,0.0,0.0,0.0,0.0,0.0,0.0,0.0,0.0,0.0,0.0,0.0,0.0,0.0,0.0,0.0,0.0,0.0,0.0,0.0,0.0,0.0,0.0,0.0,0.0,0.0,0.0,0.0,0.0,0.0,0.0,0.0,0.0,0.0,0.0,0.0,0.0,0.0,0.0,0.0,0.0,0.0,0.0,0.0,0.0],"electric_curtailed_series_kw":[0,0,0,0,0,0,0,0,0,0,0,0,0,0,0,0,0,0,0,0,0,0,0,0,0,0,0,0,0,0,0,0,0,0,0,0,0,0,0,0,0,0,0,0,0,0,0,0,0,0,0,0,0,0,0,0,0,0,0,0,0,0,0,0,0,0,0,0,0,0,0,0,0,0,0,0,0,0,0,0,0,0,0,0,0,0,0,0,0,0,0,0,0,0,0,0,0,0,0,0,0,0,0,0,0,0,0,0,0,0,0,0,0,0,0,0,0,0,0,0],